posting,search_result,person,joined,background,why_not_the_fill,source
BlackRock Private Markets Quantitative Modeler VP,no public profile tied to this req; Built In still showed a repost about 20 days before 2026-10-02,,,,,The Muse closed notice is not a hire. No start-date match found.
HarbourVest QIS incumbent not a 2026 fill,team member already in seat before these reqs,David Butts,2019,PhD Aeronautics and Astronautics MIT; quantitative researcher and co-founder at Orbital Capital; previously Draper Lab,Joined seven years before the 2026 postings. Not a hire for secondaries co-invest evergreen or infra reqs.,https://harbourvest.com/il/en/about-harbourvest/our-team/d/david-butts.html
PitchBook Director Quantitative Research,incumbent not a documented fill,Zane Carmean,before the 2026 aggregator listing,MS Finance Bocconi; CFA; CAIA; previously Green Street Advisors,Already director of quantitative research. Not evidence the mid-2026 req was filled by a new person.,https://pitchbook.com/news/author/zane-carmean
BlackRock systematic private-markets work,existing team not the SWAT req,Ronald Kahn,long-tenured,Global head of systematic equity research,Described a late-stage venture screen. Not named as the hire for the Private Markets SWAT VP seat.,https://mercury.bloomberg.com/news/S7I7V3T1UM0W
HarbourVest Head of Data and Analytics,announced hire with no matching quant-researcher posting,Elizabeth Pritchard,2025-06,BS and MS industrial engineering Northwestern and Columbia; MBA Columbia; CDAO at Liberty Mutual Investments; Goldman Sachs; AIG,Leadership data-strategy appointment. No requisition text found. Not a statistics PhD researcher seat.,https://www.businesswire.com/news/home/20250620132976/en/HarbourVest-Partners-Appoints-Elizabeth-Pritchard-as-a-Managing-Director
HarbourVest Head of Client Operations,announced hire outside research,Javier Rodriguez,2023-05,BS engineering; MS Imperial College; MBA Michigan; about 20 years at Goldman Sachs,Client operations and portfolio analytics leadership. Not a QIS researcher req.,https://www.privateequitywire.co.uk/harbourvest-appoints-md/
Blackstone Applied AI,announced hire outside the secondaries researcher req,Prakhar Mehrotra,2024-04,led applied AI at Walmart; team of 400 data scientists,Joined Blackstone data science to apply AI at portfolio companies. Not the PE secondaries VP data-science seat.,https://www.businessinsider.com/blackstone-hires-walmart-data-exec-apply-ai-portfolio-companies-2024-4
Blackstone portfolio operations,announced hire outside research,Rodney Zemmel,2025-02,nearly 30 years at McKinsey; led McKinsey Digital,Global head of portfolio operations. Data science is in the remit. Not a researcher requisition fill.,https://www.wsj.com/articles/blackstone-taps-mckinsey-veteran-rodney-zemmel-as-global-head-of-portfolio-operations-dda32027
Hamilton Lane direct equity,announced hire from a quant firm but not a researcher req,Jenny Zhang,2024-11,VP on the private equity team at Two Sigma; previously Carlyle,Joined the direct equity investment team. No quantitative-researcher posting found for this seat.,https://www.familywealthreport.com/article.php/Hamilton-Lane-Bolsters-Direct-Equity-Investment-Team-Across-North-America%2C-Europe
