date,firm,title,theme,url,access
2026-03-11,HarbourVest,Q3 2025 private equity benchmark release,investment-level benchmark,https://www.harbourvest.com/harbourvest-partners-releases-q3-2025-private-equity-benchmark-performance-data/,open
2026-08-31,HarbourVest,Software repricing in the buyout benchmark,private equity,https://www.alternativeswatch.com/2026/08/31/software-valuations-private-equity-returns-harbourvest/,open coverage of their Q1 2026 benchmark
2026-01-14,PitchBook,2025 annual US PE breakdown,private equity,https://pitchbook.com/news/reports/2025-annual-us-pe-breakdown,gated
2026-07-17,PitchBook,Q1 2026 private capital indexes,benchmarks,https://pitchbook.com/news/reports/q1-2026-pitchbook-private-capital-indexes,gated
2026-09-14,PitchBook,Private capital fundraising through H1 2026,fundraising,https://pitchbook.com/news/articles/four-charts-private-capital-fundraising-remains-bleak-through-h1-2026,open
2026-07-08,BlackRock,Aladdin private markets benchmarking expansion,peer benchmark,https://www.investmentnews.com/alternatives/blackrock-expands-aladdins-private-markets-benchmarking-tools/267312,open coverage
2026-09-28,BlackRock,Private credit solutions on Preqin,private credit,https://www.blackrock.com/aladdin/discover/press-release/blackrock-aladdin-expands-private-credit-solutions-on-preqin,open
2025-08-18,StepStone,Secondaries to the rescue,secondaries,https://www.stepstonegroup.com/news-insights/1000-words-or-less-secondaries-to-the-rescue/,open
2026-03-09,StepStone,Private equity 2026 house views,private equity,https://www.stepstonegroup.com/news-insights/stepstone-private-equity-2026-market-outlook/,download
2026-04-02,StepStone,Navigating private markets in 2026,GP-led secondaries,https://institutional.fidelity.com/institutions/insights/topics/investing-ideas/navigating-private-markets-in-2026-questions-and-answers-with-stepstone-and-fidelity,open
2025-12-17,MSCI,Private real estate factor model,desmoothing,https://www.msci.com/research-and-insights/paper/the-msci-private-real-estate-factor-model,form gate
2026-03-25,MSCI,Daily private markets indexes,daily NAV,https://www.msci.com/discover-msci/media-room/msci-launches-daily-private-markets-indexes-accelerating-transparency-drive,open
2026-08-12,MSCI,How strategy shaped private real estate returns,private real estate,https://www.msci.com/research-and-insights/blog-post/how-strategy-shaped-returns-in-private-real-estate,open
2026-06-30,MSCI,Q1 2026 private capital benchmarks summary,benchmarks,https://www.msci.com/data-and-analytics/private-asset-solutions/private-capital-benchmarks-summary,form gate
2026-01-01,Hamilton Lane,2026 market overview,liquidity,https://www.hamiltonlane.com/2026-market-overview,open index
2026-03-31,Hamilton Lane,Q1 2026 market brief,desmoothing,https://www.hamiltonlane.com/getcontentasset/728a484a-8fea-49dd-9226-d776167a8210/dfc3d011-8f63-43f6-9ed8-4b444333a1d0/q1-2026-market-brief.pdf?language=en-us,pdf
2026-03-25,AQR,I did not predict what is going on in privates,stale pricing,https://www.aqr.com/Insights/Perspectives/I-Did-Not-Predict-What-is-Going-on-in-Privates,open
2026-05-05,AQR,Interview on volatility laundering,stale pricing,https://www.aqr.com/-/media/AQR/Documents/Journal-Articles/Interview-with-Cliff-Asness-Journal-of-Private-Markets-Investing--Spring-2026.pdf?sc_lang=en,pdf
