company,role,location,status,posted_or_seen,base_salary_usd,degree,experience,must_have_skills,private_markets_experience,source,notes
HarbourVest,Quantitative Researcher Private Equity Secondaries,Boston,open,posted about 2026-09-08 (Workday R2034; still live 2026-10-02),180000-210000,BS required; MS/PhD preferred,3+ years quantitative finance; quantitative equity required,Python (numerical/stats/viz) and SQL; large-dataset statistical modeling; communicate to investment team,not required,https://harbourvest.wd5.myworkdayjobs.com/en-US/HVP/job/Quantitative-Researcher--Private-Equity-Secondaries_R2034-4,Dedicated to secondaries strategy inside QIS. Earlier aggregator copies listed 160-240k.
HarbourVest,Quantitative Researcher Private Equity Co-Investments,"Boston, London, or Dublin",historical (seen 2026-03-30),2026-03-30,160000-240000,BS required; MS/PhD preferred,3+ years quantitative finance; quantitative equity required; bottoms-up modeling preferred,Python and SQL; statistical analysis of proprietary PE datasets,not required,https://www.tealhq.com/job/quantitative-researcher-private-equity-co-investments_7ea1a6d798627515d54f8cdeebbd19b7e477e,Supports Global Direct Co-Investment diligence and portfolio construction.
HarbourVest,Quantitative Researcher Evergreen Portfolio Management,"Boston or Toronto",open as of aggregator (posted 2026-07-31; listed available before 2026-10-23),2026-07-31,160000-240000,BS required; MS/PhD preferred,3 years quantitative finance,Python and SQL; Monte Carlo preferred; maintain existing codebase,not required,https://www.career.com/job/harbourvest-partners/quantitative-researcher-evergreen-portfolio-management-boston-or-toronto/j202505090215094287593,Evergreen / open-end private equity portfolio management.
HarbourVest,VP Quantitative Researcher Infrastructure and Real Assets,Boston,listed open 2026-09-24,2026-09-24,not published,not stated as a hard degree bar,quant equity / systematic research background; asset management hedge fund or prop preferred,Advanced Python and SQL; rigorous statistics; ML/AI a plus,preferred not required,https://inforcapital.com/jobs/harbourvest-partners-vice-president-quantitative-researcher-infrastructure-real-assets/,Senior seat on QIS for infra/real assets and secondaries.
BlackRock,Private Markets Quantitative Modeler VP (Aladdin Private Markets SWAT),New York,closed on Jobright (posted ~2026-03),2026-03,170000-225000,PhD in finance economics statistics or related required,3+ years empirical modeling; graduating PhDs considered for a junior seat,time series; Bayesian methods; Python; backtesting and nowcasting,additional consideration not required,https://www.linkedin.com/jobs/view/private-markets-quantitative-modeler-vice-president-at-blackrock-4369211771,Closest explicit stats-PhD private-markets research seat. Nowcasting NAVs and private-market indices.
Blackstone,VP Data Science Private Equity Secondaries,New York,open (seen ~late Sep 2026),2026-09,185000-200000,BS in CS data science statistics or related,5+ years data science or investment analytics,Python and SQL; messy unstructured data; forecasting / decision-support models,preferred not required,https://www.efinancialcareers.com/jobs-United_States-NY-New_York-Vice_President_Data_Science_-_Private_Equity_Secondaries.id24631940,BXDS seat embedded with secondaries investors. Not a new-grad PhD req.
Ardian,Data Scientist Analyst Secondaries and Primaries,San Francisco,seen 2026-09-26,2026-09,not published,degree in CS statistics data science or related,1-3 years,SQL Python R; ML/NLP; econometrics; some PE and valuation knowledge,sector knowledge listed,https://revopscareers.com/job/ardian-data-scientist-analyst-secondaries-primaries-san-francisco-california-united-states/,Nearest early-career private-markets data-science seat. Not PhD-specific.
Selby Jennings (unnamed firm),Quantitative Researcher Private Investments,Chicago,open (seen ~late Sep 2026),2026-09,150000-250000,BS MS or PhD quantitative,2+ years industry excluding internships,Python and SQL; statistics ML optimization,public or private equity research a plus,https://www.efinancialcareers.com/jobs-USA-IL-Chicago-Quantitative_Researcher_-_Private_Investments.id23749243,Recruiter posting. Firm described as a long-term private investment firm.
Forge Global,Quantitative Researcher,New York,seen on Greenhouse,undated in scrape,not published,undergrad plus masters in finance econ stats math or engineering,6-10 years research/data science in public or private equities,programming and data science; private-company / pre-IPO research,public or private equities required,http://job-boards.greenhouse.io/forgeglobal/jobs/5983120004,Private-company secondaries marketplace. Too senior for a new grad.
PitchBook,Director Quantitative Research,Seattle,seen ~mid-2026,2026,185000-225000,BS required; MBA CFA or PhD preferred,12+ years including 7 people leadership,private markets models benchmarks cash-flow forecasting,deep private-markets expertise required,https://www.theladders.com/job/director-quantitative-research-pitchbook-seattle-wa_86210440,Data-vendor research seat. Incumbent path is CFA/finance not stats PhD.
AssetMetrix,Quantitative Researcher and Methodology Specialist Private Capital Analytics,Munich,seen 2026-09,2026-09,65500-106000 EUR estimate,master's or PhD in math stats physics finance econometrics or data science preferred,research experience,valuation forecasting risk and benchmarking models for private-capital funds,private capital product focus,https://www.xing.com/jobs/muenchen-quantitative-researcher-methodology-specialist-private-capital-analytics-158001691,European data/analytics vendor. Method seat closer to a stats PhD than a deal seat.
