theme,phrase,firm,source,note
stale pricing,stale pricing,Godwin 2022,https://mpra.ub.uni-muenchen.de/112546/1/MPRA_paper_112546.pdf,Secondary transaction prices versus reported NAV for PE venture real estate and natural resources. Estimates 75 to 92 percent of reported NAV variation is stale.
stale pricing,stale NAV,MSCI,https://www.msci.com/research-and-insights/blog-post/nowcasting-private-equity-in-the-coronavirus-crisis,2020 nowcast looks through smooth valuations with public-market factors and Burgiss data.
stale pricing,stale NAV,privateMetrics,https://publishing.sipametrics.com/slides/2024_privateMetrics_anchoring_private_valuations.pdf,Market valuation anchor updated monthly so the NAV does not stay stale.
stale pricing,volatility laundering,AQR,https://mercury.bloomberg.com/news/S7I7V3T1UM0W,Asness name for the appeal of stale private-market prices.
return smoothing,return smoothing,Couts 2024,https://papers.ssrn.com/sol3/papers.cfm?abstract_id=4684665,Private equity real estate. Autocorrelation comes from hard-to-value assets not from internal versus external appraisal.
return smoothing,valuation smoothing,Arctos,https://www.linkedin.com/pulse/chart-week-65-valuation-smoothing-arctospartners-vginc,Post-2020 smoothing is asymmetric: fast write-ups lagged write-downs.
return smoothing,appraisal valuation,Hamilton Lane,https://www.hamiltonlane.com/en-us/insight/portfolio-construction-vol-3,Appraisal values move slower than traded equity. Observed volatility understates risk.
desmoothing,statistical desmoothing,Hamilton Lane,https://www.hamiltonlane.com/en-us/insight/portfolio-construction-vol-3,Observed buyout beta about 0.4. Desmoothed beta a bit above 1. Volatility de-smoothed series also used for private real estate infrastructure and natural resources.
private real estate,private real estate,MSCI,https://www.msci.com/research-and-insights/blog-post/how-strategy-shaped-returns-in-private-real-estate,Core and core-plus held up better than value-added and opportunistic after the 2022 rate rise.
private real estate,private real estate,StepStone,https://insuranceaum.com/sites/default/files/2024-12/IAUM%20-%20Episode%20260%20Behind%20the%20Numbers%20Insights%20from%20Quant%20Experts%20at%20Principal%20Asset%20Management%2C%20StepStone%20Group%2C%20and%20Fidelity%20Investments%20-%20TRANSCRIPT.pdf,Private real estate correlation with the S&P 500 cited near 2 percent over 20 years.
valuation lag,staleness,Ercan Kaplan Strebulaev,https://www.nber.org/system/files/working_papers/w33637/w33637.pdf,Fraction of past quarters with zero reported return. Staler investments and more frequent markdowns have worse later outcomes.
valuation lag,lame valuation,Couts 2024,https://papers.ssrn.com/sol3/papers.cfm?abstract_id=4684665,Internal valuations have more unchanged appraisals. Market information is incorporated more slowly.
daily NAV,daily NAV,MSCI,https://www.msci.com/indexes/private-asset-indexes/nowcasting-indexes,Daily private equity and private credit indexes from LP cash flows historical valuations and a statistical nowcast.
secondary prices,secondary transaction price,Godwin 2022,https://mpra.ub.uni-muenchen.de/112546/1/MPRA_paper_112546.pdf,Used as the transaction-based price that reported NAVs lag.
secondary prices,secondary-market reference data,MSCI,https://www.msci.com/downloads/web/msci-com/research-and-insights/paper/msci-private-capital-benchmarks-summary/2026-q1/MSCI-Private-Capital-Benchmarks-Summary-Q1-2026.pdf,PM Insights acquisition. Daily secondary prices on private-company securities.
infrastructure,infrastructure,MSCI,https://www.msci.com/downloads/web/msci-com/research-and-insights/paper/msci-private-capital-benchmarks-summary/2026-q1/MSCI-Private-Capital-Benchmarks-Summary-Q1-2026.pdf,Q1 2026 infrastructure return slowed after a 2025 gain tied in part to the AI buildout.
natural resources,natural resources,MSCI,https://www.msci.com/downloads/web/msci-com/research-and-insights/paper/msci-private-capital-benchmarks-summary/2026-q1/MSCI-Private-Capital-Benchmarks-Summary-Q1-2026.pdf,Q1 2026 natural resources was the strong real-asset strategy. Private real estate was near zero.
performance attribution,quantitative research,Ares,https://mercury.bloomberg.com/news/S7I7V3T1UM0W,Avi Turetsky head of quantitative research. Public note is about explaining performance not a published model.
