word_a,word_b,docs_together,ppmi
credit,equity,7,0.135
estate,real,6,0.887
assets,equity,6,0.268
credit,performance,5,0.754
credit,managers,5,0.571
assets,capital,5,0.571
equity,performance,5,0.268
activity,equity,5,0.268
equity,public,5,0.268
equity,managers,5,0.086
equity,secondaries,5,0.086
long-term,public,4,1.001
assets,performance,4,0.818
assets,portfolio,4,0.818
managers,performance,4,0.818
managers,portfolio,4,0.818
managers,strategies,4,0.818
assets,public,4,0.818
assets,managers,4,0.636
capital,public,4,0.531
assets,credit,4,0.348
capital,managers,4,0.348
capital,estate,4,0.348
credit,real,4,0.194
capital,real,4,0.194
capital,credit,4,0.061
performance,portfolio,3,0.713
performance,strategies,3,0.713
portfolio,strategies,3,0.713
long-term,performance,3,0.713
performance,public,3,0.713
long-term,portfolio,3,0.713
activity,portfolio,3,0.713
assets,strategies,3,0.531
assets,long-term,3,0.531
activity,assets,3,0.531
long-term,managers,3,0.531
activity,managers,3,0.531
managers,public,3,0.531
portfolio,secondaries,3,0.531
secondaries,strategies,3,0.531
long-term,secondaries,3,0.531
activity,secondaries,3,0.531
public,secondaries,3,0.531
estate,volatility,3,0.531
performance,real,3,0.376
real,strategies,3,0.376
public,real,3,0.376
real,volatility,3,0.376
assets,secondaries,3,0.348
managers,secondaries,3,0.348
assets,estate,3,0.348
credit,portfolio,3,0.243
credit,strategies,3,0.243
credit,long-term,3,0.243
credit,public,3,0.243
capital,performance,3,0.243
capital,portfolio,3,0.243
capital,long-term,3,0.243
activity,capital,3,0.243
capital,volatility,3,0.243
assets,real,3,0.194
real,secondaries,3,0.194
capital,secondaries,3,0.061
credit,estate,3,0.061
performance,risk,2,0.307
portfolio,risk,2,0.307
activity,performance,2,0.307
portfolio,public,2,0.307
activity,risk,2,0.307
activity,long-term,2,0.307
activity,public,2,0.307
long-term,strategies,2,0.307
activity,strategies,2,0.307
public,strategies,2,0.307
public,volatility,2,0.307
risk,volatility,2,0.307
assets,risk,2,0.125
managers,risk,2,0.125
assets,volatility,2,0.125
secondaries,volatility,2,0.125
performance,secondaries,2,0.125
estate,performance,2,0.125
estate,strategies,2,0.125
estate,public,2,0.125